{"stats":{"minecraft:picked_up":{"minecraft:oak_log":5,"minecraft:dirt":16},"minecraft:killed_by":{"minecraft:skeleton":1},"minecraft:custom":{"minecraft:jump":26,"minecraft:time_since_rest":439,"minecraft:leave_game":1,"minecraft:walk_on_water_one_cm":1284,"minecraft:deaths":1,"minecraft:damage_dealt":44,"minecraft:damage_taken":260,"minecraft:sprint_one_cm":4564,"minecraft:play_time":1800,"minecraft:time_since_death":417,"minecraft:walk_one_cm":5119,"minecraft:total_world_time":2035,"minecraft:fall_one_cm":1547,"minecraft:fly_one_cm":3228},"minecraft:used":{"minecraft:dirt":15},"minecraft:mined":{"minecraft:oak_log":5,"minecraft:oak_leaves":3}},"DataVersion":3953}